Trade number,Type,Date and time,Signal,Price USD,Size (qty),Size (value),Net PnL USD,Return %,Commission USD,Favorable excursion USD,Favorable excursion %,Adverse excursion USD,Adverse excursion %,Cumulative PnL USD,Cumulative PnL %,Duration (bars)
1,Exit long,2026-04-01 02:15,Long TP,24097,23,1106392,2070,0.19,0,2070,0.19,-989,-0.09,2070,4.14,4
1,Entry long,2026-04-01 01:15,Long Entry,24052,23,1106392,2070,0.19,0,2070,0.19,-989,-0.09,2070,4.14,4
2,Exit short,2026-04-02 03:00,Short SL,23826.5,23,1093949,-2070,-0.19,0,1357,0.12,-2070,-0.19,0,0.00,6
2,Entry short,2026-04-02 01:30,Short Entry,23781.5,23,1093949,-2070,-0.19,0,1357,0.12,-2070,-0.19,0,0.00,6
3,Exit short,2026-04-03 07:00,Short TP,24117,29,1400874,2088,0.15,0,2088,0.15,-841,-0.06,2088,4.18,18
3,Entry short,2026-04-03 02:30,Short Entry,24153,29,1400874,2088,0.15,0,2088,0.15,-841,-0.06,2088,4.18,18
4,Exit short,2026-04-07 04:00,Short SL,24258.5,30,1453470,-2040,-0.14,0,1200,0.08,-2040,-0.14,48,0.10,11
4,Entry short,2026-04-07 01:15,Short Entry,24224.5,30,1453470,-2040,-0.14,0,1200,0.08,-2040,-0.14,48,0.10,11
5,Exit long,2026-04-08 02:00,Long TP,25200.5,25,1257962.5,2062.5,0.16,0,2062.5,0.16,-962.5,-0.08,2110.5,4.22,3
5,Entry long,2026-04-08 01:15,Long Entry,25159.25,25,1257962.5,2062.5,0.16,0,2062.5,0.16,-962.5,-0.08,2110.5,4.22,3
6,Exit short,2026-04-10 02:00,Short TP,25252.75,63,3183925.5,2079,0.07,0,2079,0.07,-1134,-0.04,4189.5,8.38,3
6,Entry short,2026-04-10 01:15,Short Entry,25269.25,63,3183925.5,2079,0.07,0,2079,0.07,-1134,-0.04,4189.5,8.38,3
7,Exit long,2026-04-13 02:15,Long TP,25111.5,45,2257942.5,2092.5,0.09,0,2092.5,0.09,-45,0.00,6282,12.56,1
7,Entry long,2026-04-13 02:00,Long Entry,25088.25,45,2257942.5,2092.5,0.09,0,2092.5,0.09,-45,0.00,6282,12.56,1
8,Exit long,2026-04-17 03:00,Long TP,26487.25,47,2487733.5,2068,0.08,0,2068,0.08,-1739,-0.07,8350,16.70,5
8,Entry long,2026-04-17 01:45,Long Entry,26465.25,47,2487733.5,2068,0.08,0,2068,0.08,-1739,-0.07,8350,16.70,5
9,Exit long,2026-04-21 03:00,Long SL,26820.25,31,1664901.5,-2046,-0.12,0,186,0.01,-2046,-0.12,6304,12.61,4
9,Entry long,2026-04-21 02:00,Long Entry,26853.25,31,1664901.5,-2046,-0.12,0,186,0.01,-2046,-0.12,6304,12.61,4
10,Exit long,2026-04-22 08:00,Long TP,26886,17,912126.5,1997.5,0.22,0,1997.5,0.22,-1615,-0.18,8301.5,16.60,27
10,Entry long,2026-04-22 01:15,Long Entry,26827.25,17,912126.5,1997.5,0.22,0,1997.5,0.22,-1615,-0.18,8301.5,16.60,27
11,Exit short,2026-04-23 01:45,Short SL,26966.75,70,3773245,-2100,-0.06,0,1715,0.05,-2100,-0.06,6201.5,12.40,2
11,Entry short,2026-04-23 01:15,Short Entry,26951.75,70,3773245,-2100,-0.06,0,1715,0.05,-2100,-0.06,6201.5,12.40,2
12,Exit long,2026-04-24 01:45,Long TP,27086.75,37,2002347.5,2072,0.10,0,2072,0.10,0,0.00,8273.5,16.55,2
12,Entry long,2026-04-24 01:15,Long Entry,27058.75,37,2002347.5,2072,0.10,0,2072,0.10,0,0.00,8273.5,16.55,2
13,Exit short,2026-04-28 04:00,Short TP,27319,20,1094850,2090,0.19,0,2090,0.19,-280,-0.03,10363.5,20.73,10
13,Entry short,2026-04-28 01:30,Short Entry,27371.25,20,1094850,2090,0.19,0,2090,0.19,-280,-0.03,10363.5,20.73,10
14,Exit short,2026-04-30 02:30,Short SL,27307,12,653376,-1992,-0.30,0,924,0.14,-1992,-0.30,8371.5,16.74,3
14,Entry short,2026-04-30 01:45,Short Entry,27224,12,653376,-1992,-0.30,0,924,0.14,-1992,-0.30,8371.5,16.74,3
15,Exit short,2026-05-01 02:45,Short TP,27593.25,44,2430296,2090,0.09,0,2090,0.09,-1078,-0.04,10461.5,20.92,4
15,Entry short,2026-05-01 01:45,Short Entry,27617,44,2430296,2090,0.09,0,2090,0.09,-1078,-0.04,10461.5,20.92,4
16,Exit long,2026-05-05 02:00,Long TP,27872.25,40,2227680,2100,0.09,0,2100,0.09,-540,-0.02,12561.5,25.12,2
16,Entry long,2026-05-05 01:30,Long Entry,27846,40,2227680,2100,0.09,0,2100,0.09,-540,-0.02,12561.5,25.12,2
17,Exit long,2026-05-06 02:00,Long SL,28328.5,39,2211690,-2067,-0.09,0,1053,0.05,-2067,-0.09,10494.5,20.99,1
17,Entry long,2026-05-06 01:45,Long Entry,28355,39,2211690,-2067,-0.09,0,1053,0.05,-2067,-0.09,10494.5,20.99,1
18,Exit long,2026-05-08 01:30,Long TP,28813.5,60,3455550,2070,0.06,0,2070,0.06,-30,0.00,12564.5,25.13,1
18,Entry long,2026-05-08 01:15,Long Entry,28796.25,60,3455550,2070,0.06,0,2070,0.06,-30,0.00,12564.5,25.13,1
19,Exit short,2026-05-12 02:30,Short TP,29245.25,36,2107746,2088,0.10,0,2088,0.10,-1746,-0.08,14652.5,29.30,4
19,Entry short,2026-05-12 01:30,Short Entry,29274.25,36,2107746,2088,0.10,0,2088,0.10,-1746,-0.08,14652.5,29.30,4
20,Exit long,2026-05-13 03:45,Long TP,29371.25,21,1231576.5,2016,0.16,0,2016,0.16,-1449,-0.12,16668.5,33.34,7
20,Entry long,2026-05-13 02:00,Long Entry,29323.25,21,1231576.5,2016,0.16,0,2016,0.16,-1449,-0.12,16668.5,33.34,7
21,Exit short,2026-05-15 02:00,Short TP,29250.25,9,528430.5,1926,0.36,0,1926,0.36,-49.5,-0.01,18594.5,37.19,2
21,Entry short,2026-05-15 01:30,Short Entry,29357.25,9,528430.5,1926,0.36,0,1926,0.36,-49.5,-0.01,18594.5,37.19,2
22,Exit long,2026-05-19 03:00,Long TP,29039,19,1101392,2090,0.19,0,2090,0.19,-703,-0.06,20684.5,41.37,3
22,Entry long,2026-05-19 02:15,Long Entry,28984,19,1101392,2090,0.19,0,2090,0.19,-703,-0.06,20684.5,41.37,3
23,Exit long,2026-05-20 02:15,Long TP,29008,16,926240,2016,0.22,0,2016,0.22,-992,-0.11,22700.5,45.40,3
23,Entry long,2026-05-20 01:30,Long Entry,28945,16,926240,2016,0.22,0,2016,0.22,-992,-0.11,22700.5,45.40,3
24,Exit short,2026-05-21 01:45,Short TP,29353.5,24,1411044,2076,0.15,0,2076,0.15,-120,-0.01,24776.5,49.55,2
24,Entry short,2026-05-21 01:15,Short Entry,29396.75,24,1411044,2076,0.15,0,2076,0.15,-120,-0.01,24776.5,49.55,2
25,Exit short,2026-05-22 01:30,Short TP,29566.75,52,3077022,2080,0.07,0,2080,0.07,-650,-0.02,26856.5,53.71,1
25,Entry short,2026-05-22 01:15,Short Entry,29586.75,52,3077022,2080,0.07,0,2080,0.07,-650,-0.02,26856.5,53.71,1
26,Exit long,2026-05-25 01:45,Long SL,29973.75,59,3538997,-2094.5,-0.06,0,118,0.00,-2094.5,-0.06,24762,49.52,1
26,Entry long,2026-05-25 01:30,Long Entry,29991.5,59,3538997,-2094.5,-0.06,0,118,0.00,-2094.5,-0.06,24762,49.52,1
27,Exit long,2026-05-26 03:00,Long SL,29783.25,19,1133796.5,-2033,-0.18,0,351.5,0.03,-2033,-0.18,22729,45.46,4
27,Entry long,2026-05-26 02:00,Long Entry,29836.75,19,1133796.5,-2033,-0.18,0,351.5,0.03,-2033,-0.18,22729,45.46,4
28,Exit long,2026-05-29 02:45,Long TP,30349,39,2365135.5,2086.5,0.09,0,2086.5,0.09,-799.5,-0.03,24815.5,49.63,3
28,Entry long,2026-05-29 02:00,Long Entry,30322.25,39,2365135.5,2086.5,0.09,0,2086.5,0.09,-799.5,-0.03,24815.5,49.63,3
29,Exit long,2026-06-02 02:45,Long TP,30512.5,25,1523562.5,2062.5,0.14,0,2062.5,0.14,-637.5,-0.04,26878,53.76,6
29,Entry long,2026-06-02 01:15,Long Entry,30471.25,25,1523562.5,2062.5,0.14,0,2062.5,0.14,-637.5,-0.04,26878,53.76,6
30,Exit long,2026-06-03 06:00,Long TP,30781.25,20,1229190,2060,0.17,0,2060,0.17,-1740,-0.14,28938,57.88,12
30,Entry long,2026-06-03 03:00,Long Entry,30729.75,20,1229190,2060,0.17,0,2060,0.17,-1740,-0.14,28938,57.88,12
31,Exit short,2026-06-05 03:00,Short TP,30106.75,16,965440,2024,0.21,0,2024,0.21,-1408,-0.15,30962,61.92,5
31,Entry short,2026-06-05 01:45,Short Entry,30170,16,965440,2024,0.21,0,2024,0.21,-1408,-0.15,30962,61.92,5
32,Exit long,2026-06-09 02:15,Long TP,29664.5,28,1659182,2030,0.12,0,2030,0.12,-658,-0.04,32992,65.98,3
32,Entry long,2026-06-09 01:30,Long Entry,29628.25,28,1659182,2030,0.12,0,2030,0.12,-658,-0.04,32992,65.98,3
33,Exit long,2026-06-10 04:00,Long SL,28885.25,11,637494,-2018.5,-0.32,0,803,0.13,-2018.5,-0.32,30973.5,61.95,8
33,Entry long,2026-06-10 02:00,Long Entry,28977,11,637494,-2018.5,-0.32,0,803,0.13,-2018.5,-0.32,30973.5,61.95,8
34,Exit short,2026-06-12 01:45,Short TP,29403.75,13,766486.5,1989,0.26,0,1989,0.26,-130,-0.02,32962.5,65.93,1
34,Entry short,2026-06-12 01:30,Short Entry,29480.25,13,766486.5,1989,0.26,0,1989,0.26,-130,-0.02,32962.5,65.93,1
35,Exit long,2026-06-15 03:00,Long SL,30522.5,34,2077587,-2057,-0.10,0,850,0.04,-2057,-0.10,30905.5,61.81,2
35,Entry long,2026-06-15 02:30,Long Entry,30552.75,34,2077587,-2057,-0.10,0,850,0.04,-2057,-0.10,30905.5,61.81,2
36,Exit short,2026-06-16 03:00,Short SL,30844.5,28,1725262,-2030,-0.12,0,602,0.03,-2030,-0.12,28875.5,57.75,6
36,Entry short,2026-06-16 01:30,Short Entry,30808.25,28,1725262,-2030,-0.12,0,602,0.03,-2030,-0.12,28875.5,57.75,6
37,Exit long,2026-06-17 02:45,Long TP,30542.5,33,2013759,2046,0.10,0,2046,0.10,-1782,-0.09,30921.5,61.84,5
37,Entry long,2026-06-17 01:30,Long Entry,30511.5,33,2013759,2046,0.10,0,2046,0.10,-1782,-0.09,30921.5,61.84,5
38,Exit short,2026-06-19 01:45,Short SL,30453.5,23,1398779.5,-2081.5,-0.15,0,0,0.00,-2081.5,-0.15,28840,57.68,1
38,Entry short,2026-06-19 01:30,Short Entry,30408.25,23,1398779.5,-2081.5,-0.15,0,0,0.00,-2081.5,-0.15,28840,57.68,1
39,Exit long,2026-06-22 07:00,Long TP,30792.75,9,552276,1993.5,0.36,0,1993.5,0.36,-112.5,-0.02,30833.5,61.67,20
39,Entry long,2026-06-22 02:00,Long Entry,30682,9,552276,1993.5,0.36,0,1993.5,0.36,-112.5,-0.02,30833.5,61.67,20
40,Exit short,2026-06-23 01:45,Short TP,30105.25,12,724488,1962,0.27,0,1962,0.27,-66,-0.01,32795.5,65.59,2
40,Entry short,2026-06-23 01:15,Short Entry,30187,12,724488,1962,0.27,0,1962,0.27,-66,-0.01,32795.5,65.59,2
41,Exit long,2026-06-24 03:30,Long SL,29780,18,1074078,-1998,-0.19,0,1773,0.17,-1998,-0.19,30797.5,61.60,9
41,Entry long,2026-06-24 01:15,Long Entry,29835.5,18,1074078,-1998,-0.19,0,1773,0.17,-1998,-0.19,30797.5,61.60,9
42,Exit long,2026-06-26 02:45,Long TP,29482.25,9,528637.5,2043,0.39,0,2043,0.39,-1489.5,-0.28,32840.5,65.68,6
42,Entry long,2026-06-26 01:15,Long Entry,29368.75,9,528637.5,2043,0.39,0,2043,0.39,-1489.5,-0.28,32840.5,65.68,6
43,Exit long,2026-06-29 07:00,Long TP,29751.5,8,473948,2076,0.44,0,2076,0.44,-700,-0.15,34916.5,69.83,22
43,Entry long,2026-06-29 01:30,Long Entry,29621.75,8,473948,2076,0.44,0,2076,0.44,-700,-0.15,34916.5,69.83,22
44,Exit short,2026-06-30 02:30,Short TP,30105.25,18,1085805,2016,0.19,0,2016,0.19,-441,-0.04,36932.5,73.87,5
44,Entry short,2026-06-30 01:15,Short Entry,30161.25,18,1085805,2016,0.19,0,2016,0.19,-441,-0.04,36932.5,73.87,5
45,Exit short,2026-07-02 02:15,Short TP,29954,10,601090,2010,0.33,0,2010,0.33,-365,-0.06,38942.5,77.89,3
45,Entry short,2026-07-02 01:30,Short Entry,30054.5,10,601090,2010,0.33,0,2010,0.33,-365,-0.06,38942.5,77.89,3
46,Exit long,2026-07-03 09:30,Long TP,29953.25,12,716916,1962,0.27,0,1962,0.27,-1098,-0.15,40904.5,81.81,30
46,Entry long,2026-07-03 02:00,Long Entry,29871.5,12,716916,1962,0.27,0,1962,0.27,-1098,-0.15,40904.5,81.81,30
47,Exit long,2026-07-07 03:15,Long TP,29735.25,14,830487,2100,0.25,0,2100,0.25,-812,-0.10,43004.5,86.01,7
47,Entry long,2026-07-07 01:30,Long Entry,29660.25,14,830487,2100,0.25,0,2100,0.25,-812,-0.10,43004.5,86.01,7
48,Exit short,2026-07-10 02:15,Short TP,29805.25,25,1492287.5,2025,0.14,0,2025,0.14,-587.5,-0.04,45029.5,90.06,2
48,Entry short,2026-07-10 01:45,Short Entry,29845.75,25,1492287.5,2025,0.14,0,2025,0.14,-587.5,-0.04,45029.5,90.06,2
49,Exit long,2026-07-14 08:30,Long TP,29718,9,532863,2061,0.39,0,2061,0.39,-1044,-0.20,47090.5,94.18,29
49,Entry long,2026-07-14 01:15,Long Entry,29603.5,9,532863,2061,0.39,0,2061,0.39,-1044,-0.20,47090.5,94.18,29
50,Exit short,2026-07-17 02:15,Short SL,28820,17,977797.5,-2082.5,-0.21,0,1249.5,0.13,-2082.5,-0.21,45008,90.02,3
50,Entry short,2026-07-17 01:30,Short Entry,28758.75,17,977797.5,-2082.5,-0.21,0,1249.5,0.13,-2082.5,-0.21,45008,90.02,3
51,Exit long,2026-07-21 01:45,Long TP,29099.5,31,1802107.5,2061.5,0.11,0,2061.5,0.11,-1798,-0.10,47069.5,94.14,2
51,Entry long,2026-07-21 01:15,Long Entry,29066.25,31,1802107.5,2061.5,0.11,0,2061.5,0.11,-1798,-0.10,47069.5,94.14,2
52,Exit short,2026-07-24 02:45,Short TP,28490.25,19,1084719.5,2090,0.19,0,2090,0.19,-1178,-0.11,49159.5,98.32,4
52,Entry short,2026-07-24 01:45,Short Entry,28545.25,19,1084719.5,2090,0.19,0,2090,0.19,-1178,-0.11,49159.5,98.32,4
53,Exit long,2026-07-27 02:00,Long TP,28721.75,24,1376604,2040,0.15,0,2040,0.15,-264,-0.02,51199.5,102.40,3
53,Entry long,2026-07-27 01:15,Long Entry,28679.25,24,1376604,2040,0.15,0,2040,0.15,-264,-0.02,51199.5,102.40,3
54,Exit short,2026-07-28 02:00,Short TP,27856.5,16,893448,2040,0.23,0,2040,0.23,-128,-0.01,53239.5,106.48,3
54,Entry short,2026-07-28 01:15,Short Entry,27920.25,16,893448,2040,0.23,0,2040,0.23,-128,-0.01,53239.5,106.48,3
55,Exit long,2026-07-29 09:45,Long SL,27735.5,6,334908,-2082,-0.62,0,1812,0.54,-2082,-0.62,51157.5,102.32,29
55,Entry long,2026-07-29 02:30,Long Entry,27909,6,334908,-2082,-0.62,0,1812,0.54,-2082,-0.62,51157.5,102.32,29
56,Exit long,2026-07-31 02:00,Long TP,28607.75,30,1714380,2085,0.12,0,2085,0.12,-1965,-0.11,53242.5,106.49,3
56,Entry long,2026-07-31 01:15,Long Entry,28573,30,1714380,2085,0.12,0,2085,0.12,-1965,-0.11,53242.5,106.49,3
57,Exit long,2026-08-04 01:30,Long TP,29073,22,1277133,2079,0.16,0,2079,0.16,-77,-0.01,55321.5,110.64,1
57,Entry long,2026-08-04 01:15,Long Entry,29025.75,22,1277133,2079,0.16,0,2079,0.16,-77,-0.01,55321.5,110.64,1
58,Exit long,2026-08-05 02:00,Long TP,29989,22,1317437,2079,0.16,0,2079,0.16,-44,0.00,57400.5,114.80,2
58,Entry long,2026-08-05 01:30,Long Entry,29941.75,22,1317437,2079,0.16,0,2079,0.16,-44,0.00,57400.5,114.80,2
59,Exit short,2026-08-06 07:00,Short TP,29416,11,649132,1980,0.31,0,1980,0.31,-1276,-0.20,59380.5,118.76,20
59,Entry short,2026-08-06 02:00,Short Entry,29506,11,649132,1980,0.31,0,1980,0.31,-1276,-0.20,59380.5,118.76,20
60,Exit long,2026-08-07 04:00,Long TP,29614,19,1123270.5,2061.5,0.18,0,2061.5,0.18,-1064,-0.09,61442,122.88,8
60,Entry long,2026-08-07 02:00,Long Entry,29559.75,19,1123270.5,2061.5,0.18,0,2061.5,0.18,-1064,-0.09,61442,122.88,8
61,Exit long,2026-08-10 03:45,Long TP,29978.25,21,1257039,2047.5,0.16,0,2047.5,0.16,-1795.5,-0.14,63489.5,126.98,8
61,Entry long,2026-08-10 01:45,Long Entry,29929.5,21,1257039,2047.5,0.16,0,2047.5,0.16,-1795.5,-0.14,63489.5,126.98,8
62,Exit short,2026-08-11 02:15,Short TP,29774,25,1490725,2025,0.14,0,2025,0.14,-750,-0.05,65514.5,131.03,4
62,Entry short,2026-08-11 01:15,Short Entry,29814.5,25,1490725,2025,0.14,0,2025,0.14,-750,-0.05,65514.5,131.03,4
63,Exit long,2026-08-12 03:00,Long TP,29746.25,34,2020654,2091,0.10,0,2091,0.10,-1207,-0.06,67605.5,135.21,5
63,Entry long,2026-08-12 01:45,Long Entry,29715.5,34,2020654,2091,0.10,0,2091,0.10,-1207,-0.06,67605.5,135.21,5
64,Exit long,2026-08-14 04:00,Long TP,30205.5,27,1629004.5,2092.5,0.13,0,2092.5,0.13,-1134,-0.07,69698,139.40,10
64,Entry long,2026-08-14 01:30,Long Entry,30166.75,27,1629004.5,2092.5,0.13,0,2092.5,0.13,-1134,-0.07,69698,139.40,10
65,Exit long,2026-08-17 02:00,Long TP,30291.25,36,2178918,2052,0.09,0,2052,0.09,-162,-0.01,71750,143.50,2
65,Entry long,2026-08-17 01:30,Long Entry,30262.75,36,2178918,2052,0.09,0,2052,0.09,-162,-0.01,71750,143.50,2
66,Exit short,2026-08-18 04:00,Short TP,29761.25,13,775846.5,2054,0.26,0,2054,0.26,-1475.5,-0.19,73804,147.61,9
66,Entry short,2026-08-18 01:45,Short Entry,29840.25,13,775846.5,2054,0.26,0,2054,0.26,-1475.5,-0.19,73804,147.61,9
67,Exit long,2026-08-21 02:30,Long TP,29395,49,2878627.5,2082.5,0.07,0,2082.5,0.07,-759.5,-0.03,75886.5,151.77,2
67,Entry long,2026-08-21 02:00,Long Entry,29373.75,49,2878627.5,2082.5,0.07,0,2082.5,0.07,-759.5,-0.03,75886.5,151.77,2
68,Exit long,2026-08-25 02:15,Long TP,29274.5,24,1403136,2040,0.15,0,2040,0.15,-96,-0.01,77926.5,155.85,2
68,Entry long,2026-08-25 01:45,Long Entry,29232,24,1403136,2040,0.15,0,2040,0.15,-96,-0.01,77926.5,155.85,2
69,Exit short,2026-08-27 01:45,Short TP,29431.25,28,1650208,2058,0.12,0,2058,0.12,-210,-0.01,79984.5,159.97,2
69,Entry short,2026-08-27 01:15,Short Entry,29468,28,1650208,2058,0.12,0,2058,0.12,-210,-0.01,79984.5,159.97,2
70,Exit short,2026-08-28 02:45,Short SL,29644.25,33,1954441.5,-2079,-0.11,0,1336.5,0.07,-2079,-0.11,77905.5,155.81,5
70,Entry short,2026-08-28 01:30,Short Entry,29612.75,33,1954441.5,-2079,-0.11,0,1336.5,0.07,-2079,-0.11,77905.5,155.81,5
71,Exit long,2026-08-31 04:00,Long TP,29534,16,943056,2032,0.22,0,2032,0.22,-1408,-0.15,79937.5,159.88,11
71,Entry long,2026-08-31 01:15,Long Entry,29470.5,16,943056,2032,0.22,0,2032,0.22,-1408,-0.15,79937.5,159.88,11
72,Exit long,2026-09-01 01:30,Long TP,29511,41,2417811,2091,0.09,0,2091,0.09,-307.5,-0.01,82028.5,164.06,1
72,Entry long,2026-09-01 01:15,Long Entry,29485.5,41,2417811,2091,0.09,0,2091,0.09,-307.5,-0.01,82028.5,164.06,1
73,Exit long,2026-09-02 02:15,Long SL,29037.25,19,1105458,-2042.5,-0.18,0,532,0.05,-2042.5,-0.18,79986,159.97,4
73,Entry long,2026-09-02 01:15,Long Entry,29091,19,1105458,-2042.5,-0.18,0,532,0.05,-2042.5,-0.18,79986,159.97,4
74,Exit short,2026-09-03 03:00,Short SL,29208.75,9,523854,-1903.5,-0.36,0,108,0.02,-1903.5,-0.36,78082.5,156.17,7
74,Entry short,2026-09-03 01:15,Short Entry,29103,9,523854,-1903.5,-0.36,0,108,0.02,-1903.5,-0.36,78082.5,156.17,7
75,Exit long,2026-09-04 02:45,Long SL,29593.25,21,1244943,-2026.5,-0.16,0,31.5,0.00,-2026.5,-0.16,76056,152.11,3
75,Entry long,2026-09-04 02:00,Long Entry,29641.5,21,1244943,-2026.5,-0.16,0,31.5,0.00,-2026.5,-0.16,76056,152.11,3
76,Exit long,2026-09-07 02:00,Long TP,29644,32,1895152,2064,0.11,0,2064,0.11,-336,-0.02,78120,156.24,3
76,Entry long,2026-09-07 01:15,Long Entry,29611.75,32,1895152,2064,0.11,0,2064,0.11,-336,-0.02,78120,156.24,3
77,Exit short,2026-09-08 01:45,Short TP,29617.5,17,1009069,2074,0.21,0,2074,0.21,-238,-0.02,80194,160.39,2
77,Entry short,2026-09-08 01:15,Short Entry,29678.5,17,1009069,2074,0.21,0,2074,0.21,-238,-0.02,80194,160.39,2
78,Exit long,2026-09-11 02:45,Long TP,29261,14,817327,1981,0.24,0,1981,0.24,-385,-0.05,82175,164.35,5
78,Entry long,2026-09-11 01:30,Long Entry,29190.25,14,817327,1981,0.24,0,1981,0.24,-385,-0.05,82175,164.35,5
79,Exit long,2026-09-15 03:30,Long SL,29317.75,17,998835,-2031.5,-0.20,0,909.5,0.09,-2031.5,-0.20,80143.5,160.29,8
79,Entry long,2026-09-15 01:30,Long Entry,29377.5,17,998835,-2031.5,-0.20,0,909.5,0.09,-2031.5,-0.20,80143.5,160.29,8
80,Exit long,2026-09-16 02:00,Long TP,29359,28,1642046,2058,0.13,0,2058,0.13,-406,-0.02,82201.5,164.40,3
80,Entry long,2026-09-16 01:15,Long Entry,29322.25,28,1642046,2058,0.13,0,2058,0.13,-406,-0.02,82201.5,164.40,3
81,Exit short,2026-09-17 01:30,Short TP,29404,42,2472036,2100,0.08,0,2100,0.08,-294,-0.01,84301.5,168.60,1
81,Entry short,2026-09-17 01:15,Short Entry,29429,42,2472036,2100,0.08,0,2100,0.08,-294,-0.01,84301.5,168.60,1
82,Exit long,2026-09-18 02:30,Long TP,29905.75,20,1194170,2060,0.17,0,2060,0.17,-630,-0.05,86361.5,172.72,4
82,Entry long,2026-09-18 01:30,Long Entry,29854.25,20,1194170,2060,0.17,0,2060,0.17,-630,-0.05,86361.5,172.72,4
83,Exit long,2026-09-21 02:00,Long TP,30117.75,54,3250638,2079,0.06,0,2079,0.06,-1701,-0.05,88440.5,176.88,2
83,Entry long,2026-09-21 01:30,Long Entry,30098.5,54,3250638,2079,0.06,0,2079,0.06,-1701,-0.05,88440.5,176.88,2
84,Exit short,2026-09-22 01:30,Short SL,30821.25,36,2217078,-2052,-0.09,0,1008,0.05,-2052,-0.09,86388.5,172.78,1
84,Entry short,2026-09-22 01:15,Short Entry,30792.75,36,2217078,-2052,-0.09,0,1008,0.05,-2052,-0.09,86388.5,172.78,1
85,Exit long,2026-09-23 02:30,Long TP,31093.5,29,1801335,2088,0.12,0,2088,0.12,-1073,-0.06,88476.5,176.95,2
85,Entry long,2026-09-23 02:00,Long Entry,31057.5,29,1801335,2088,0.12,0,2088,0.12,-1073,-0.06,88476.5,176.95,2
86,Exit short,2026-09-24 01:45,Short TP,30625.5,23,1410854.5,2081.5,0.15,0,2081.5,0.15,0,0.00,90558,181.12,1
86,Entry short,2026-09-24 01:30,Short Entry,30670.75,23,1410854.5,2081.5,0.15,0,2081.5,0.15,0,0.00,90558,181.12,1
87,Exit long,2026-09-25 05:00,Long TP,30955.75,11,679046.5,1980,0.29,0,1980,0.29,-621.5,-0.09,92538,185.08,14
87,Entry long,2026-09-25 01:30,Long Entry,30865.75,11,679046.5,1980,0.29,0,1980,0.29,-621.5,-0.09,92538,185.08,14